Parameter Setting,Temperature,Top_p,Generated Response
High Temp & High Top_p,1.0,1.0,"Sure! One of the most intriguing aspects of space is the concept of black holes. Black holes are areas in space where gravity is so strong that nothing, not even light, can escape from them. The idea of black holes was predicted by Einstein’s theory of general relativity.

Black holes are formed when massive stars collapse under their own gravity at the end of their life cycles. Once a star has burned through its nuclear fuel, it may undergo a supernova explosion, shedding outer material and leaving behind a dense core that collapses under gravity to form a black hole.

There are different types of black holes: stellar black holes, supermassive black holes, and intermediate-mass black holes. Stellar black holes are formed from the remnants of massive stars and can weigh up to 20 times the mass of the Sun. Conversely, supermassive black holes, which can be millions to billions of times the mass of the Sun, often reside at the centers of galaxies, including our own Milky Way.

One"
Low Temp & Low Top_p,0.1,0.1,"Space, often referred to as outer space, is the vast, seemingly infinite expanse that exists beyond Earth's atmosphere. It is a vacuum, containing very low densities of particles, predominantly a plasma of hydrogen and helium, as well as electromagnetic radiation, magnetic fields, neutrinos, dust, and cosmic rays. Here are a few fascinating aspects about space:

1. **Absence of Atmosphere**: Space does not have an atmosphere, which means there is no air to breathe or to scatter light. This is why the sky appears black instead of blue when viewed from space.

2. **Microgravity**: In space, the effects of gravity are greatly reduced, creating what is often called a ""microgravity"" environment. This allows astronauts to experience weightlessness and can also affect physical processes such as fluid behavior and fire, which behave very differently than on Earth.

3. **Extreme Temperatures**: The temperature in space can vary dramatically. When objects are exposed to the Sun, they can heat up to"
High Temp & Low Top_p,1.0,0.1,"Space, often referred to as outer space, is the vast, seemingly infinite expanse that exists beyond Earth's atmosphere. It is a vacuum, containing very low densities of particles, predominantly a plasma of hydrogen and helium, as well as electromagnetic radiation, magnetic fields, neutrinos, dust, and cosmic rays. Here are a few fascinating aspects about space:

1. **Absence of Atmosphere**: Space does not have an atmosphere, which means it lacks air and other gases. This absence of air means there is no medium for sound to travel, so space is completely silent.

2. **Microgravity**: Although commonly referred to as zero gravity, microgravity in space means there is a very small but not zero amount of gravity. This is why astronauts aboard the International Space Station (ISS) appear to float, as they are in a continuous state of freefall towards Earth.

3. **Extreme Temperatures**: Space experiences extreme temperatures because there is no atmosphere to diffuse the heat from the Sun or"
Low Temp & High Top_p,0.1,1.0,"Space, often referred to as outer space, is the vast, seemingly infinite expanse that exists beyond Earth's atmosphere. It is a vacuum, containing very low densities of particles, predominantly a plasma of hydrogen and helium, as well as electromagnetic radiation, magnetic fields, neutrinos, dust, and cosmic rays. Here are a few fascinating aspects about space:

1. **Absence of Atmosphere**: Space does not have an atmosphere, which means there is no air or breathable oxygen. This is why astronauts need to wear spacesuits that provide oxygen to breathe and protect them from the harsh conditions.

2. **Microgravity**: In space, the effects of gravity are greatly reduced, creating what is often called a ""microgravity"" environment. This allows astronauts and objects to float, making tasks both easier and more complicated.

3. **Extreme Temperatures**: Space experiences extreme temperatures because there is no atmosphere to diffuse the heat from the Sun or to trap heat in the shadowed areas. Temperatures can"
