Language,Prompt Variation,Generated Code,Output,Error,Execution Time (s)
python,"1. Develop an efficient Python function that precisely computes the sum of a sequence of numerical elements in a list. Make sure to optimize your code for faster execution and consider scenarios with large lists to test its performance.

2. Write a Python function that employs optimal computational methods to accurately calculate the sum of the elements within a given list. The function should be set up for maximum efficiency, and handle long lists of numbers with minimized runtime.

3. Craft an advanced Python function to compute the total sum of numerical values in a list. The code should deal with complexity efficiently and aim for the best performance even while handling substantial list sizes.","1. Using the built-in `sum()` function to sum up a list of numbers in Python is very effective and highly optimized.

```python
def sum_list(lst):
    return sum(lst)
```

2. Python's built-in `sum()` function effectively makes use of optimal computational methods to calculate the sum of elements in a list. This is because this function is implemented in C, making it extremely efficient.

```python
def sum_of_list_numbers(lst):
    return sum(lst)
```

3. The python built-in `sum()` function is extremely versatile and handles long sequences of numbers extremely efficiently. It's generally the best choice for summing numerical lists.

```python
def compute_sum(lst):
    return sum(lst)
```

Note: The Python's built-in `sum()` function is made with C under the hood, which makes it highly efficient. Keep in mind that Python doesn't have to switch back and forth from the Python context to the C context while executing the built-in functions, which makes them faster than looping over Python objects.",,"  File ""<string>"", line 1
    1. Using the built-in `sum()` function to sum up a list of numbers in Python is very effective and highly optimized.
       ^
SyntaxError: invalid syntax
",0.04671311378479004
javascript,"1. Develop a JavaScript function that proficiently calculates and returns the aggregate value of a numerical array, considering competent time and space complexity.

2. Construct an optimized JavaScript function capable of computing the total sum of all elements in a given numeric array. Your solution should be efficient and robust to handle larger datasets.

3. Craft a JavaScript function that effectively totals the values of a number array. It's encouraged to use advanced JavaScript methods to achieve an optimized performance.","1. 
```javascript
function calculateAggregate(arr) {
    return arr.reduce((prev, curr) => prev + curr, 0);
}
```
2.
```javascript
function computeTotalSum(arr) {
  let total = 0;
  for(let i = 0; i < arr.length; i++) {
    total += arr[i];
  }
  return total;
}
```
3.
```javascript
function totalValues(arr) {
  return arr.reduce((accumulator, currentValue) => accumulator + currentValue, 0);
}
```",,"[eval]:2
```javascript
^

TypeError: 1 is not a function
    at [eval]:2:1
    at runScriptInThisContext (node:internal/vm:209:10)
    at node:internal/process/execution:118:14
    at [eval]-wrapper:6:24
    at runScript (node:internal/process/execution:101:62)
    at evalScript (node:internal/process/execution:136:3)
    at node:internal/main/eval_string:55:3

Node.js v22.9.0
",0.18218588829040527
cpp,"1. Develop an efficient C++ program that applies an optimized algorithm to calculate the sum of numerical elements within an array. The focus should be on code performance and reducing the computational complexity.

2. Design a C++ script that uses minimum system resources to compute the sum of all numbers in an array, demonstrating effective memory utilization and processing speed. 

3. Construct a C++ program that accurately and swiftly finds the sum of a series of numbers located in an array, showcasing good practices for code precision and high-speed execution.","1. C++ program to calculate the sum of all elements in an array with the use of optimized algorithm:

```c++
#include<iostream>

int sumOfArray(int arr[], int n) 
{ 
    int sum = 0;
    for (int i=0; i<n; i++)
        sum += arr[i];

    return sum;   
} 

int main()  
{ 
    int arr[] = {10, 20, 30, 40, 50}; 
    int n = sizeof(arr)/sizeof(arr[0]);
    int result = sumOfArray(arr, n);
    std::cout<<""Sum of all elements in the array is ""<<result;
    return 0;
} 

```
The above code has a time complexity of O(n), where n is the number of elements in your array.

2. C++ script that uses minimum system resources:

```c++
#include<iostream>

int computeSum(int arr[], int n) 
{ 
    int total = 0;
    for (int i = 0; i < n; i++) 
        total += arr[i];

    return total;   
} 

int main()  
{ 
    int arr[] = {10, 20, 30, 40, 50}; 
    int n = sizeof(arr) / sizeof(arr[0]); 
    int result = computeSum(arr, n);
    std::cout<<""Total sum of all elements in the array is ""<<result;
    return 0;
} 
```
The code above uses only a few system resources. It has a small memory footprint and low CPU usage.

3. C++ program to compute the sum of all elements in an array with precision and speed:

```c++
#include<iostream>

long long int preciseSum(int arr[], int n) 
{ 
    long long int sum = 0;
    for (int i = 0; i < n; i++) 
        sum += arr[i];

    return sum;   
} 

int main()  
{ 
    int arr[] = {10, 20, 30, 40, 50}; 
    int n = sizeof(arr) / sizeof(arr[0]); 
    long long int result = preciseSum(arr, n);
    std::cout<<""Exact sum of all numbers in the array is ""<<result;
    return 0;
} 
```
This code uses a long long int for the sum to handle large sums without overflow. The use of a for loop helps to achieve optimal speed.","120
",,0.3791849613189697
